X.usr.local.lib.R.library.aCGH.data.sprocCR40.txt	X.usr.local.lib.R.library.aCGH.data.sprocCR43.txt
2	-0.077698	0.007389
3	0.001834	-0.01455
4	0.007465	-0.03727
6	0.025567	-0.036908
8	0.061068	0.017278
9	-0.010831	-0.058398
10	0.035897	-0.021299
11	-0.022212	-0.005092
13	0.008778	-0.069357
14	-0.08913	-0.074885
15	-0.058736	0.003134
16	-0.075914	-0.015009
18	0.090095	0.028827
20	-0.027867	-0.075319
21	-0.116518	-0.165832
22	-0.011624	-0.107238
23	0.028006	-0.033147
25	0.056658	-0.120601
27	-0.001608	0.000558
28	-0.076855	-0.045451
29	-0.11397	-0.066334
32	-0.053738	-0.045822
34	-0.030491	-0.064907
35	-0.044656	0.001651
36	-0.039305	-0.021266
37	-0.072964	-0.009868
38	0.023669	-0.046889
39	-0.012063	-0.026111
40	0.066386	-0.039492
43	0.110301	-0.019812
44	0.012335	-0.085368
45	0.05523	0.009174
46	0.098947	0.012446
47	0.155193	0.016212
48	0.080751	-0.040205
49	0.051779	0.013529
50	-0.02595	0.010022
51	0.089211	-0.008772
52	-0.068334	-0.08589
56	-0.027847	-0.029353
59	-0.071305	-0.092455
62	-0.19602	-0.08718
63	0.076649	-0.021409
64	0.030822	0.008679
65	0.109219	0.0011
66	0.141472	0.049319
67	0.025744	0.000665
68	0.019462	-0.052277
69	-0.018205	-0.06683
70	0.051706	0.070645
71	-0.003237	-0.095546
72	0.000539	0.117487
73	0.173699	0.117693
74	0.123614	0.050705
75	0.04914	0.067998
76	-0.001359	0.0904
78	0.053745	0.001099
79	0.060683	0.038011
80	0.172189	0.09646
81	-0.018492	0.02071
82	0.089099	0.055388
83	0.184659	0.115279
84	-0.121907	-0.039577
85	0.019081	0.011118
86	0.11959	0.06892
87	0.011913	-0.020518
88	0.175107	0.098896
89	-0.032344	-0.056504
90	0.078093	0.061955
91	-0.086194	0.04493
92	0.001605	0.005477
93	-0.001499	0.03546
94	0.073371	-0.016042
95	0.106995	0.07391
96	0.135359	0.112976
97	-0.034881	0.019067
98	0.044952	0.070729
99	-0.010538	0.039601
100	0.05338	0.013452
102	-0.016317	0.080021
103	0.054295	0.060288
104	-0.114341	-0.028698
105	-0.059599	0.079851
106	0.134566	0.085608
107	0.223949	0.111793
108	0.041657	0.076166
109	0.079343	0.048933
110	0.133918	0.082029
111	0.083859	0.05329
112	-0.1579	0.048704
113	-0.01614	-0.006999
115	0.107396	0.012586
116	0.155067	0.092309
117	0.187491	0.129625
118	0.025917	0.057836
119	-0.078024	0.06209
120	-0.020588	0.054815
121	0.173273	0.14997
122	0.031455	-0.019952
123	0.072503	0.05575
124	0.021662	-0.004504
125	0.049132	0.003868
126	-0.081321	-0.019338
127	-0.005806	-0.049079
128	-0.044805	-0.03629
130	-0.266204	-0.051503
131	0.078114	0
132	-0.002449	-0.002748
133	-0.018936	-0.055951
134	0.007962	0.056666
135	-0.000945	0.03688
136	0.078534	0.043262
137	-0.082235	-0.02928
138	0.123975	0.06005
139	0.049114	-0.024202
140	-0.23857	-0.043189
141	0.028018	-0.005926
142	-0.185774	-0.126652
143	-0.11303	-0.188889
144	0.055303	0.05997
145	-0.012798	-0.0185
146	0.084228	0.027577
147	0.032278	0.088194
148	-0.035771	-0.007086
149	0.019071	-0.030952
151	-0.01128	-0.030966
152	0.04127	-0.013136
154	0.044039	0.085975
155	-0.018532	0.105722
156	0.069044	0.042765
157	0.031625	0.014379
158	0.072077	0.079312
159	-0.098904	-0.010001
160	0.005282	0.023837
162	0.015076	0.10332
163	0.107367	-0.05099
164	0.02199	0.140055
165	0.052936	0.041738
166	0.048194	-0.004961
167	0.073247	0.080318
168	0.001691	0.02828
169	-0.026183	0.023332
170	0.025348	0.101589
171	0.03824	-0.024158
172	-0.015659	-0.017891
173	-0.060888	-0.10346
174	-0.00174650000000000	0.040554
176	0.135797	0.19176
177	-0.095989	-0.022746
178	-0.016596	0.143978
179	-0.023365	-0.011707
182	0.044039	0.0304165
184	0.085137	0.019798
185	-0.086028	0.043989
186	0.107988	0.1021
187	-0.0134135	0.0346555
189	0.002315	-0.037398
190	0.168713	0.121381
191	-0.030912	0.021476
192	-0.012061	0.030141
193	0.05485	0.007795
194	0.015121	-0.009731
195	0.050565	0.0183885
197	0.053233	0.067538
198	-0.064307	-0.010256
199	0.031794	0.0387155
201	0.021602	-0.020543
202	0.050083	0.027111
203	0.041274	0.062493
204	0.025752	0.033153
205	0.019904	0.084507
207	-0.0199805	0.0661355
209	-0.049183	0.029448
210	0.029903	0.099149
211	-0.114767	0.033954
212	0.022002	0.005951
214	-0.007213	-0.008806
215	-0.026845	0.018702
216	-0.059902	0.017756
217	-0.095416	-0.105255
218	-0.049406	-0.038164
219	0.071691	0.100732
220	0.029861	0.100357
221	0.018243	-0.026485
222	0.066383	0.068862
223	-0.113473	-0.076592
225	-0.061034	0.015076
227	0.040564	-0.043921
228	-0.116907	-0.057214
229	-0.058129	0.057773
230	0.096558	0.006824
231	0.031962	0.081559
232	-0.003001	-0.007356
233	0.109229	0.149003
234	0.057513	0.008302
235	-0.040566	-0.051499
236	0.07471	0.028913
237	0.130626	0.059859
238	0.049785	0.102831
239	0.076294	0.140071
240	-0.157851	-0.013173
242	-0.048006	0.071202
244	0.001984	-0.032397
245	-0.004069	-0.046083
246	0.005115	0.047947
247	0.162702	0.106424
249	-0.056643	-0.008793
250	0.082714	0.054431
255	0.055896	0.035482
257	0.034777	0.058692
259	0.067085	-0.050535
260	-0.098989	-0.028116
261	0.136084	0.0187
263	0.156655	0.104311
265	-0.046286	-0.059628
267	-0.012448	-0.038871
268	-0.048868	-0.04809
270	0.095074	-0.005707
271	0.033231	0.079473
273	-0.097285	-0.06933
274	-0.12525	-0.030949
275	-0.05835	0.039723
276	-0.072968	0.037578
277	0.014594	-0.00283
278	-0.106591	0.012549
279	0.022972	-0.002221
280	-0.111033	0.04312
281	-0.088482	-0.048176
282	-0.045426	0.011271
283	-0.108227	-0.029507
285	0.080162	0.055139
286	-0.147599	0.021444
287	-0.284158	-0.019854
288	-0.161835	-0.021526
289	-0.062614	0.075862
290	0.141368	0.070709
292	0.051687	0.076353
293	-0.065829	0.002372
295	-0.023354	-0.065356
296	0.00119	0.051146
297	-0.032808	-0.033416
298	-0.124804	0.031204
299	-0.152365	0.058951
300	-0.150779	-0.100853
301	0.059098	0.0144
302	0.05526	0.061318
303	-0.057461	-0.059551
304	0.034777	0.064978
306	-0.052509	-0.018439
307	-0.152397	-0.113427
308	-0.044272	-0.10013
309	-0.057074	0.003097
310	-0.022429	0.107997
311	0.031483	0.079881
312	-0.036877	-0.034687
313	-0.015727	-0.056943
314	0.029469	-0.051542
315	-0.063742	-0.013373
316	-0.036095	0.018522
317	0.118852	0.058223
318	-0.094603	-0.001258
319	-0.060395	0.014459
320	-0.048076	-0.106212
321	0.085466	0.03021
322	0.084219	-0.013693
323	-0.001396	-0.048562
324	0.011962	-0.039343
325	0.253085	0.084632
326	0.005873	0.079754
327	0.140452	0.029321
328	0.153078	0.071628
330	-0.178941	0.021425
331	0.128413	0.040423
332	0.096167	0.035926
333	0.185796	0.06148
334	0.137186	0.061677
336	0.027341	-0.0282
337	0.033825	0.04563
338	0.008366	0.021502
339	0.040101	-0.015028
340	-0.064616	-0.000303
341	-0.014501	-0.064613
342	0.044245	-0.022842
343	0.092852	0.014352
344	0.017441	-0.004016
345	0.006371	-0.073826
346	0.091699	0.093085
347	0.043306	-0.006208
348	0.155548	0.031764
349	0.117054	0.002606
350	0.043248	-0.023216
351	0.061354	0.111672
352	0.073658	-0.005692
353	0.101785	-0.00067
354	0.034378	0.038369
355	0.068998	0.112554
356	0.168473	0.075991
357	0.107426	0.00202
358	0.054685	-0.028511
359	0.044451	-0.037319
360	0.018293	-0.026107
361	0.120914	0.060885
362	0.00159	0.003698
363	0.003872	0.000877
364	0.065617	0.059437
365	-0.037288	0.025668
366	0.065099	0.020521
367	0.140027	0.105084
368	0.063346	0.052051
369	0.015409	0.002401
370	0.108696	0.119258
371	0.040826	0.00795
372	0.09851	0.037262
373	0.264394	0.097516
374	0.031222	0.063052
375	0.093614	0.036622
376	-0.028684	0.040121
377	0.036356	0.022425
379	0.166555	0.105247
380	0.159152	0.101635
381	0.192091	0.11474
382	0.066396	0.064315
383	0.160957	0.072536
384	0.083434	0.093039
385	0.297082	0.105546
386	0.248389	0.081807
388	-0.032652	-0.052086
389	0.027831	-0.06758
390	0.097606	0.001947
391	-0.169736	-0.021407
392	0.052963	-0.026463
393	0.004211	-0.038005
394	0.098936	0.019594
395	-0.056365	-0.068602
396	-0.1143	-0.062404
397	0.105565	0.006856
398	0.0366	0.005889
400	0.214538	0.089167
401	0.038211	0.048789
402	0.042544	-0.003702
403	-0.048919	0.004967
404	0.040615	0.028057
405	-0.057905	-0.021982
406	0.057033	-0.000218
407	0.049517	0.060772
410	0.130457	0.041898
411	0.070072	0.01727
412	-0.002086	-0.026097
413	0.13458	0.01478
414	0.002417	-0.119323
415	-0.010854	-0.066342
416	0.045404	0.026099
417	0.121445	0.003927
418	0.086472	0.029767
419	0.037078	-0.025265
420	-0.116972	-0.012781
421	0.114463	0.048233
422	0.049916	0.093439
423	0.029648	-0.006026
424	0.028124	0.030279
425	0.059338	0.020419
426	0.095391	0.000722
427	-0.029152	0.058894
428	-0.018919	-0.025611
429	0.026127	-0.036297
430	-0.063767	0.076461
431	0.045969	-0.028571
432	-0.068785	0.016492
433	0.011369	-0.043166
434	0.052123	0.006117
437	-0.091266	0.010361
438	0.020069	0.018211
439	-0.088604	-0.019018
440	-0.091599	-0.056504
441	0.004003	-0.035855
442	0.034693	-0.018757
443	-0.103863	-0.013619
444	-0.002995	-0.038266
445	0.04293	-0.038244
446	0.06792	0.034998
447	0.078503	0.027782
448	-0.050697	-0.05135
449	0.144919	0.107838
450	0.151886	0.074935
451	-0.036062	-0.017092
452	0.027713	0.056205
453	0.012841	0.055208
454	0.165269	0.110278
455	0.138316	0.07432
456	0.034626	0.108882
457	-0.043914	-0.083953
458	-0.090646	0.047443
459	0.101786	0.088709
460	-0.044748	-0.09021
461	0.011525	-0.018858
462	-0.068754	-0.001509
463	0.01277	0.026579
464	0.027283	-0.067029
465	0.041352	0.004317
466	0.1002645	0.029584
468	0.057027	0.077075
469	-0.039709	-0.07955
470	0.012561	-0.009082
471	0.0816	0.072546
472	0.108417	-0.007873
473	0.147623	0.081783
474	0.110731	0.047864
475	0.006228	0.015373
476	0.174711	0.089578
477	0.144368	0.02736
478	0.042555	-0.070883
479	0.105144	0.020768
481	0.045167	0.020107
482	0.062587	0.011598
483	-0.201282	0.006801
484	-0.021201	0.007836
485	0.008293	-0.075082
486	-0.030087	-0.031945
487	0.054594	-0.011659
488	-0.024172	-0.052619
489	-0.060394	0.150094
490	-0.006808	-0.008903
491	0.038893	-0.022717
492	0.02447	-0.053463
493	-0.040967	-0.125615
494	-0.21471	-0.086396
495	-0.057808	-0.135169
496	-0.137488	-0.058146
497	-0.053353	0.026116
498	0.16984	0.041307
500	0.039646	0.123707
501	-0.132595	-0.016496
502	-0.161063	0.006855
503	0.047525	0.040892
504	-0.06334	0.04288
505	0.023019	-0.00257
506	-0.133022	-0.035346
507	0.005393	-0.044116
508	-0.018609	0.060317
509	0.101121	0.09321
510	-0.002798	-0.021868
511	-1.9e-05	0.073345
513	-0.018232	-0.09326
514	-0.044459	-0.07141
515	0.002348	0.021749
516	0.105434	0.073829
517	-0.076807	0.054275
518	0.042522	-0.032911
519	-0.106934	0.000187
520	-0.043445	-0.083358
521	-0.01896	-0.068326
522	-0.020312	0.021969
524	-0.024241	-0.016545
525	0.011892	0.076968
526	-0.080555	-0.030494
527	-0.121135	-0.052044
528	-0.036601	0.014941
529	-0.113467	0.025878
530	0.020584	-0.064826
531	-0.074089	0.04788
532	-0.148569	-0.091465
533	0.071377	0.042771
534	-0.06832	-0.073655
535	-0.112674	-0.161046
536	0.026486	-0.032905
538	-0.041162	-0.091945
539	-0.065501	-0.008904
540	-0.020607	-0.063985
541	-0.155697	-0.021393
542	-0.064499	-0.103206
543	0.094344	0.125796
544	0.012595	0.00397
546	-0.173746	-0.009719
547	0.132822	0.035348
548	-0.04999	-0.106837
549	0.034745	-0.046578
550	0.010718	-0.017314
551	-0.148082	-0.04877
552	-0.04097	0.040375
553	-0.003637	-0.087996
554	-0.098842	-0.020362
555	0.124385	0.124002
558	-0.091274	-0.081713
559	-0.101936	0.03571
560	-0.100993	-0.042395
561	0.077077	-0.00501
564	-0.035301	-0.019954
566	-0.032911	-0.111338
568	0.037343	0.031371
569	-0.134839	0.005847
570	-0.100942	-0.111493
571	-0.047563	-0.013139
572	-0.078481	-0.035801
573	-0.067672	-0.193995
575	-0.073561	-0.012628
576	-0.22263	-0.006386
577	-0.050899	-0.003075
578	-0.072564	-0.142971
579	-0.020227	-0.09854
580	0.060078	0.077507
581	-0.083229	-0.08891
583	0.101427	0.062449
584	0.032794	-0.053524
585	-0.039772	-0.111918
586	0.032801	-0.022801
587	-0.004887	-0.022023
589	-0.003547	-0.030039
590	0.028831	-0.024168
591	-0.012034	-0.017667
593	-0.072006	-0.042574
594	-0.096341	-0.058935
595	0.032371	-0.02724
596	0.056798	-0.063828
597	0.028793	0.058009
598	-0.10323	-0.021998
599	-0.010632	-0.001246
602	-0.052972	0.006502
603	-0.010966	0.002942
604	-0.123909	0.029311
605	0.013494	-0.043176
607	0.03274	-0.131528
608	-0.061748	-0.046632
611	0.07243	0.044327
612	-0.001548	-0.07291
613	-0.190329	-0.110079
614	-0.107015	-0.06459
615	0.002638	-0.071817
616	-0.005396	0.029763
617	-0.007574	0.006841
618	0.01232	-0.090438
619	0.001855	-0.033047
620	-0.082062	0.008305
621	-0.164122	-0.012125
622	-0.005186	0.039529
623	-0.10854	-0.008506
624	-0.024933	-0.019975
625	-0.004073	-0.005932
626	-0.02826	-0.107728
628	0.011507	-0.075837
631	-0.134832	-0.057176
632	-0.034779	-0.031497
633	0.002361	-0.014087
634	-0.076388	-0.031981
635	-0.065081	-0.029116
636	-0.118404	-0.173752
637	-0.122143	-0.03004
639	0.003111	-0.078326
640	0.027648	-0.066091
643	-0.040548	-0.108753
644	0.042238	-0.013577
645	0.05356	-0.060414
648	-0.053753	-0.026656
649	-0.02355	-0.032167
650	-0.088745	-0.03537
651	-0.197171	-0.120657
652	-0.043839	0.071124
654	-0.058413	-0.027673
655	-0.041754	-0.026384
660	-0.088768	-0.042306
661	0.100953	0.005216
662	-0.051325	-0.001304
663	-0.045513	0.024376
664	-0.010821	-0.067432
665	-0.024786	-0.014094
666	0.006342	0.019194
667	-0.033881	-0.056099
668	-0.044229	-0.04713
669	-0.075178	0.001659
670	-0.108844	-0.029254
671	-0.104414	-0.051532
672	-0.083141	-0.308843
673	-0.051415	-0.034928
674	-0.33968	-0.130155
675	-0.062638	0.038795
676	-0.025879	0.014466
677	-0.054122	-0.119447
678	0.111855	-0.020863
679	0.05068	-0.030492
680	-0.063794	0.004514
682	-0.107869	-0.004323
683	-0.019446	-0.065008
684	-0.092858	0.004533
685	-0.113937	0.010197
686	0.060408	-0.050494
687	-0.092877	-0.074447
688	-0.071838	-0.065946
689	-0.028293	-0.071348
690	-0.020864	0.057924
691	0.055966	-0.011883
692	-0.164989	-0.084865
693	-0.135737	-0.114766
694	0.202565	0.051647
695	0.088376	-0.05329
696	-0.123444	-0.01893
697	0.324711	0.421695
698	-0.004184	-0.021921
699	-0.006132	-0.017506
700	0.037447	0.043305
701	-0.169998	0.048404
702	0.042381	0.060691
703	-0.01403	-0.059504
704	-0.037362	-0.003535
705	-0.057477	-0.004012
706	-0.102133	0.010611
707	0.004344	0.103404
708	-0.05417	-0.05158
709	-0.129586	0.024237
711	-0.070864	0.003837
712	0.112259	0.111301
713	0.062923	0.143417
714	-0.104164	0.035168
715	-0.072609	-0.024199
716	0.044461	0.127102
717	-0.20727	-0.016287
718	-0.051445	0.091283
719	-0.115211	0.086933
720	-0.0696	0.094077
721	0.043308	0.09277
722	-0.104851	0.060313
723	-0.115693	0.046494
725	-0.076339	0.070295
726	-0.042199	0.047451
727	0.065433	0.150822
729	0.043696	0.052676
730	0.11894	0.089993
731	-0.145434	0.040264
732	-0.184025	0.048339
735	-0.081905	0.029884
736	-0.097152	0.01116
737	-0.117736	0.03379
738	-0.085505	0.075716
739	0.02556	0.075588
740	-0.096777	-0.026091
743	-0.019317	-0.059479
745	-0.103985	-0.002831
746	-0.072734	0.021535
747	-0.056805	-0.068927
749	-0.090489	0.039054
751	-0.011806	0.059061
752	-0.063161	0.051558
754	-0.080125	0.070504
755	-0.117894	-0.029254
756	-0.05332	0.076302
758	-0.01191	0.089185
759	-0.093345	0.050692
760	-0.036003	-0.010712
761	-0.028667	0.062544
762	0.033824	0.017214
763	0.001203	-0.021261
764	-0.065433	0.023598
765	0.115011	0.095744
766	-0.028167	-0.021528
768	-0.153489	0.051403
769	-0.032816	0.043691
770	0.045131	0.143746
772	-0.09907	0.072112
773	-0.183954	0.015847
774	-0.016226	0.036119
776	-0.091715	-0.061824
777	0.13098	0.100295
778	-0.150283	-0.011251
780	0.014493	0.050965
781	-0.029168	-0.040241
782	-0.113161	-0.070334
783	0.033432	0.057529
784	-0.022244	-0.034997
785	0.029162	0.073431
787	-0.021157	0.1146
789	-0.018491	-0.031433
790	0.062917	0.086243
791	-0.069667	0.049985
792	-0.053481	0.004635
793	0.012656	-0.054585
795	0.050633	0.058223
798	0.041042	0.020525
799	0.070619	0.067901
801	0.025789	-0.064538
802	0.074146	0.039115
803	-0.106194	-0.00686
804	0.009732	0.092749
805	0.033414	-0.0315595
809	-0.012748	0.06235
811	-0.093736	0.037313
813	0.054517	0.026742
814	0.033671	0.113524
815	0.003966	0.104723
816	0.064481	-0.055455
817	0.121829	0.086952
818	-0.043062	0.119764
820	0.004332	0.020953
821	0.016997	0.033153
822	-0.057097	0.007752
823	-0.128213	-0.003431
824	-0.013322	0.02051
825	0.102401	0.119473
826	0.065645	0.082809
828	-0.065038	-0.022252
829	0.024508	0.02891
830	-0.108173	-0.016022
831	0.06333	0.07661
832	-0.105272	0.039172
833	-0.033789	0.010568
835	-0.036671	-0.010758
837	-0.022659	-0.016957
838	-0.051008	0.101208
839	0.057959	0.087385
840	0.035913	0.055701
841	-0.048811	0.018994
844	0.042219	0.085546
846	-0.090842	0.057566
848	0.111367	0.093083
850	-0.085013	-0.037897
851	-0.017434	0.109552
852	0.141003	0.12169
855	0.122916	0.051402
856	0.032918	0.180009
857	-0.112688	-0.066831
859	-0.155258	0.028805
860	-0.023018	0.043312
861	-0.0012	-0.025325
864	-0.039753	-0.019839
865	-0.045204	0.012084
867	0.016142	0.032979
868	-0.047566	0.0038
869	0.061257	0.072929
870	0.030446	0.007354
871	0.018866	0.038269
872	-0.069634	0.052069
873	0.015457	0.01362
875	-0.14809	0.170774
876	-0.107696	-0.043147
877	-0.068792	0.044679
879	-0.076074	-0.045672
880	0.049327	0.115714
881	0.014336	0.056175
882	0.196298	0.131517
883	0.064851	0.176577
884	-0.069214	0.042889
887	0.10878	0.138134
888	-0.07322	0.040086
890	-0.008433	0.007378
891	0.069465	-0.044113
892	0.128777	0.016583
893	-0.103192	-0.043184
894	0.007931	-0.04645
895	0.154514	0.105634
896	-0.040273	-0.092979
897	-0.070019	0.041766
898	0.048292	0.022017
899	0.131354	0.120961
900	0.176228	0.147848
901	0.021434	-0.046705
902	-0.023897	-0.071556
903	-0.031544	-0.02588
904	0.057427	0.012108
905	0.019778	0.029895
906	-0.13506	0.047933
907	-0.039001	0.037976
908	0.02797	0.029699
909	-0.01606	0.033403
911	0.023793	0.053372
912	-0.058784	-0.001643
913	0.014736	0.013627
914	-0.045541	0.005948
915	0.017354	-0.055022
916	-0.018725	-0.035072
920	0.026136	-0.006962
921	-0.016077	-0.003607
922	0.015781	-0.046161
923	-0.018925	-0.055439
924	0.021435	-0.069156
926	0.044466	-1.2e-05
927	0.022213	0.027405
931	0.00832	-0.012677
932	0.003793	0.035447
933	0.02013	0.001704
934	0.068314	-0.032008
936	0.078405	0.016769
937	0.045225	0.040437
938	-0.004112	-0.007655
939	0.120187	0.067115
940	0.023806	0.055617
941	-0.078893	-0.043872
942	0.125005	0.027547
943	0.022985	0.023801
944	0.067862	0.042409
945	0.042489	0.055239
946	0.109594	-0.013576
947	0.111083	0.084612
948	-0.024452	0.009641
949	-0.041964	0.061681
950	0.073914	0.051799
952	0.076691	0.036843
953	-0.05059	-0.082612
954	0.024649	-0.032417
955	0.12789	0.015177
956	0.059355	-0.030177
959	0.03548	0.066433
961	0.080471	0.084599
962	0.0188185	0.1091235
964	0.0107095	0.0321545
966	0.0290515	0.020953
968	0.069413	0.0600525
970	-0.092655	0.0021605
973	0.075137	0.003487
974	-0.241418	-0.074076
978	-0.0145985	0.082809
980	0.101832	0.035213
981	0.10053	0.09033
983	0.049087	0.131927
985	0.13231	0.035482
986	0.022534	0.069857
988	0.113509	0.100732
989	0.154489	0.032619
990	-0.011496	0.027346
992	-0.020748	-0.048544
994	0.008977	0.033967
995	0.122834	0.000275
997	0.090812	0.035476
998	0.12734	-0.035875
999	-0.000823	0.142828
1000	0.01368	0.049657
1002	0.033584	0.10077
1003	0.021832	0.001142
1004	0.074665	0.129897
1005	0.087601	0.038014
1006	0.113335	0.071044
1007	-0.035691	-0.004883
1008	-0.0629	-0.014783
1009	-0.118244	-0.052719
1010	0.0617845	0.115621
1012	-0.020299	-0.033931
1013	-0.066699	-0.036826
1014	-0.019729	0.000723
1015	0.048304	0.032616
1017	-0.118072	0.024166
1018	-0.012434	0.017276
1021	0.085484	0.123133
1022	-0.025796	-0.074824
1023	-0.004588	0.071172
1027	-0.140559	-0.053028
1028	-0.106645	0.037607
1029	0.077037	0.149547
1030	-0.11416	0.046023
1031	-0.033183	-0.012726
1032	0.015758	0.051029
1033	-0.035086	0.022728
1034	-0.012837	-0.015004
1035	-0.00639	0.040575
1036	0.039048	-0.0412
1039	-0.050007	-0.012715
1040	0.015457	0.01362
1042	-0.0414	0.040754
1043	0.013548	0.014471
1044	0.004337	0.009471
1045	-0.060614	-0.023717
1046	-0.095127	0.021957
1047	-0.074284	0.069386
1048	-0.04797	-0.068349
1049	-0.012447	-0.084428
1050	-0.172123	0.865194
1051	-0.073463	-0.009591
1052	-0.073262	-0.029008
1054	-0.062502	0.011626
1055	0.035462	-0.041679
1056	-0.104	-0.028155
1057	-0.067122	0.02379
1058	0.097017	0.068497
1059	0.0576	0.036821
1060	-0.070456	-0.014064
1061	-0.058345	0.011619
1062	0.084221	0.070663
1063	-0.025082	0.049549
1064	-0.017289	-0.050686
1065	-0.036419	0.045644
1066	-0.065609	-0.038094
1067	0.007803	0.025171
1068	-0.04161	-0.040283
1070	-0.137886	-0.003855
1072	0.046806	0.189657
1073	-0.072534	-0.027349
1074	0.000584	0.173838
1075	0.056387	0.047485
1076	0.1055	0.080493
1077	0.001705	-0.026845
1078	-0.113566	0.025704
1080	0.046282	0.038703
1081	0.013546	0.08461
1082	-0.056967	0.074645
1083	-0.025493	0.015858
1084	0.0501	0.046017
1085	0.034347	-0.040247
1086	-0.07256	0.060213
1087	-0.028974	0.041163
1088	0.035883	0.058265
1089	-0.021358	0.001198
1090	-0.157418	-0.001647
1091	-0.017274	-0.016941
1092	0.004265	0.033126
1093	0.037341	0.016724
1094	-0.150701	-0.023414
1095	-0.199906	-0.040036
1096	0.04372	0.070731
1097	0.08208	0.078823
1098	0.007913	-0.030701
1099	0.039059	0.032557
1100	-0.065927	0.000797
1101	-0.077703	0.064773
1102	-0.011246	0.072109
1103	-0.083296	0.062988
1104	0.015409	0.07971
1106	-0.133144	-0.069379
1107	-0.044678	0.011998
1108	-0.120862	-0.002883
1109	-0.08693	-0.017901
1111	-0.112722	-0.112363
1112	-0.1862	-0.081851
1113	-0.080149	-0.033385
1114	-0.144559	-0.067572
1115	0.078092	-0.002625
1116	0.019668	0.004466
1117	0.071995	0.028909
1118	-0.019324	0.012105
1119	-0.044249	0.021806
1120	-0.192702	-0.181938
1121	-0.052931	0.051106
1122	-0.047559	0.019964
1123	-0.163187	-0.089447
1124	-0.034794	-0.039259
1125	-0.081101	0.03722
1126	-0.037256	0.048229
1127	-0.087319	0.05948
1128	0.003127	0.063193
1129	0.020642	0.078742
1130	0.028895	0.005809
1131	0.054034	0.040904
1133	-0.057091	-0.045097
1134	0.039053	0.041817
1135	-0.112685	-0.031965
1136	-0.102699	0.007208
1137	-0.015819	-0.023554
1138	-0.066274	0.005994
1139	0.05211	0.090201
1140	-0.072552	-0.005322
1141	-0.171724	-0.038331
1142	-0.081185	-0.014163
1143	-0.098406	0.057503
1144	0.054019	0.05649
1145	-0.054689	-0.061445
1146	0.04794	-0.007376
1148	-0.05393	-0.010786
1149	0.05631	0.164011
1150	-0.068827	-0.05404
1151	0.170163	0.155004
1152	-0.053749	0.031724
1153	-0.060222	-0.00689
1154	-0.199007	0.071654
1155	-0.068017	0.029893
1156	0.017869	-0.012167
1157	-0.016468	0.018529
1158	0.038102	0.070937
1159	0.110695	0.042772
1160	0.011092	0.027548
1161	0.093548	0.053831
1162	-0.139218	-0.071879
1163	0.091009	0.068884
1164	-0.076841	-0.024238
1165	-0.0488	-0.033982
1166	-0.04927	-0.015597
1167	-0.034003	0.059367
1168	-0.068138	-0.029497
1169	-0.063434	-0.100091
1170	0.027334	0.034983
1171	0.129542	-0.04513
1172	0.021706	-0.033894
1173	-0.002678	-0.005915
1174	-0.040721	-0.004582
1175	-0.022048	-0.090167
1176	-0.012438	0.005623
1178	0.006332	-0.035838
1179	-0.136776	-0.00167
1180	0.039714	-0.050633
1181	0.109674	0.028053
1182	-0.043499	-0.0353785
1184	0.130958	-0.000771
1185	-0.021615	-0.035324
1186	-0.024576	-0.070382
1187	0.029561	-0.054977
1188	-0.018106	-0.049787
1189	0.086128	0.051075
1190	0.074801	-0.004999
1191	0.026933	-0.046273
1192	0.102423	0.022356
1193	0.084892	0.002949
1194	0.005611	0.041469
1195	-0.131112	-0.103877
1196	-0.031994	0.05283
1197	-0.014091	-0.109448
1198	0.042092	0.015814
1199	0.046402	-0.011284
1200	0.015871	-0.017647
1201	-0.000806	-0.041221
1202	0.00381	0.055288
1203	0.062192	-0.022318
1204	0.008781	0.031069
1205	0.030784	0.026643
1206	0.065891	-0.092738
1207	-0.015261	-0.085391
1210	-0.008517	-0.040691
1211	0.051883	0.013931
1212	-0.031533	-0.109346
1213	0.001532	-0.069103
1214	0.029558	0.00597
1215	0.024134	-0.022012
1216	0.012699	-0.066097
1217	0.072087	0.009717
1218	-0.08481	-0.049759
1219	0.063255	-0.03543
1220	-0.015781	-0.077333
1221	0.094825	-0.021904
1222	-9.2e-05	0.008589
1223	0.075463	-0.082345
1224	0.046743	-0.010446
1225	0.038971	-0.030479
1226	0.018846	-0.031931
1227	-0.007593	-0.015986
1228	-0.025598	-0.036891
1229	0.023211	0.00166
1230	0.000775	-0.05348
1233	-0.135736	-0.093685
1234	0.159909	0.000231
1235	0.095851	-0.087901
1236	0.033061	-0.098791
1237	0.044454	-0.005452
1238	0.078051	-0.01662
1239	0.021659	-0.042394
1240	-0.170925	-0.131043
1241	0.048302	-0.005366
1242	0.092313	0.05509
1243	-0.044177	-0.054957
1244	-0.094971	0.060967
1245	0.010208	0.004171
1246	0.059967	0.056018
1247	0.211542	0.072478
1248	-0.031921	-0.043648
1249	0.016523	0.048844
1250	0.125495	-0.007401
1251	-0.066803	0.043124
1252	0.158929	0.048268
1253	0.06556	0.05142
1254	0.044848	-0.054189
1255	0.001181	-0.018913
1256	0.039974	-0.084869
1258	0.04716	0.010162
1259	0.047927	-0.057792
1260	0.085669	0.0465
1261	-0.0085	-0.050957
1262	-0.013233	-0.092497
1263	0.092495	0.057518
1264	0.051369	-0.004129
1265	0.023366	0.093781
1266	-0.007235	0.020105
1267	-0.026092	-0.024296
1268	0.129537	0.0312
1269	0.002693	0.008142
1270	-0.055823	-0.004592
1271	0.081424	0.076857
1273	-0.009748	-0.03198
1274	0.097654	0.082806
1275	0.041734	-0.011679
1276	0.044837	0.016548
1277	0.067251	0.013727
1278	0.032415	0.008763
1279	0.131252	0.003112
1280	0.190212	0.049724
1281	0.078587	0.030792
1282	0.027341	0.033146
1283	0.084217	0.007911
1284	-0.068216	-0.09475
1285	-0.005511	-0.01794
1286	0.057453	0.032705
1287	-0.010164	-0.094958
1288	-0.075555	-0.039309
1289	0.050923	-0.010724
1290	-0.106275	-0.08891
1292	-0.14242	-0.05998
1293	-0.114941	-0.109323
1294	-0.007662	-0.048606
1295	-0.026694	-0.032893
1296	0.061019	-0.035813
1297	-0.144074	0.027816
1298	-0.016107	0.046996
1300	-0.033616	0.079347
1301	0.007155	-0.090463
1303	0.054854	-0.024664
1304	-0.046103	-0.068341
1305	-0.080275	-0.071658
1306	0.047577	-0.033287
1307	-0.115196	-0.124734
1308	-0.075146	-0.075152
1309	0.094576	0.033491
1310	-0.080074	-0.136276
1311	0.013082	-0.02826
1312	0.081952	-0.016071
1313	-0.075931	-0.064353
1314	0.023338	-0.028623
1315	-0.104468	-0.074435
1316	-0.0389	-0.035808
1317	0.118535	-0.012233
1319	0.031393	0.020515
1320	-0.039024	0.011102
1321	-0.027633	-0.004631
1322	-0.127973	-0.104152
1323	0.020258	0.032587
1325	0.015614	0.080276
1326	-0.050548	-0.006883
1327	-0.05793	-0.017441
1328	0.074014	-0.01034
1329	-0.175333	-0.024167
1330	-0.006842	0.020948
1331	0.032393	-0.054611
1332	0.101036	0.032695
1333	0.089501	0.015783
1334	0.106857	-0.011326
1335	0.063644	-0.006148
1336	0.026816	0.000694
1337	0.044911	0.025692
1338	0.091387	-0.048618
1339	0.174502	0.035951
1340	0.03671	0.019138
1341	-0.035623	0.002418
1342	0.032285	0.089118
1343	-0.02221	-0.007606
1344	0.087171	0.019075
1345	0.031993	-0.035335
1346	-0.128444	0.055369
1347	0.142228	0.027088
1348	-0.087079	0.042432
1349	0.007888	-0.018094
1351	-0.126969	-0.013658
1353	-0.206754	-0.1932
1354	0.114712	0.061593
1355	0.020931	0.00066
1356	0.064802	0.041006
1357	0.080817	0.032626
1358	0.123275	0.0177
1359	-0.205647	0.000976
1360	0.066725	0.034759
1361	-0.044687	-0.014099
1362	-0.183778	-0.04446
1363	-0.046905	-0.128772
1365	-0.030302	-0.016026
1366	-0.027227	-0.057978
1367	0.034676	0.024229
1368	-0.064989	-0.077532
1369	0.017157	-0.013796
1370	0.119609	0.057579
1371	-0.037142	-0.003102
1372	0.073214	-0.064613
1373	-0.018124	-0.002075
1374	-0.121778	-0.16811
1375	-0.056645	-0.022238
1376	0.038983	-0.02477
1378	-0.096726	-0.066334
1379	-0.024179	0.007372
1380	-0.042787	-0.019616
1381	-0.062521	-0.017017
1384	-0.124554	-0.005489
1385	-0.133931	-0.022992
1386	-0.002456	0.020559
1387	-0.043507	-0.034411
1388	-0.012621	-0.062435
1389	0.05749	0.014931
1390	-0.080781	0.024695
1391	0.023105	0.020005
1392	0.17592	0.113863
1393	-0.06506	-0.020104
1395	-0.036216	-0.0026
1396	-0.023837	-0.081096
1397	0.00121	-0.030496
1398	0.157744	0.064734
1399	-0.246596	-0.058947
1400	0.082213	-0.003736
1401	-0.103637	-0.025667
1402	-0.115667	-0.013158
1404	-0.004014	-0.039802
1406	0.030053	0.001691
1409	-0.142512	-0.043683
1410	-0.073912	-0.046082
1411	0.034714	-0.03406
1413	-0.043657	0.04564
1414	-0.042023	0.041459
1415	-0.056241	-0.10319
1416	-0.075919	-0.000295
1418	-0.101414	-0.133134
1420	-0.016471	-0.006399
1421	-0.0011935	-0.0176155
1423	-0.001932	-0.050633
1424	0.02176	-0.079471
1425	0.014715	-0.056414
1426	-0.096403	-0.03874
1427	-0.06047	-0.049558
1428	-0.146338	-0.087166
1429	-0.033997	-0.035102
1430	-0.022707	-0.037913
1431	-0.092045	-0.051973
1432	-0.125268	0.007367
1433	-0.148423	-0.038011
1434	0.139683	0.051557
1435	0.032704	-0.037314
1436	-0.060407	-0.026637
1437	0.024897	-0.005448
1438	-0.022147	0.04602
1440	-0.04435	0.010595
1441	-0.039788	-0.063845
1442	-0.028447	-0.023302
1443	-0.024403	0.039162
1444	-0.127377	-0.002574
1445	-0.116115	0.006687
1446	0.012523	-0.029969
1448	-0.044229	0.02337
1449	0.090632	-0.046848
1450	-0.029083	-0.041665
1451	-0.052774	0.014916
1452	-0.049253	-0.052004
1454	0.048371	-0.043135
1455	-0.189963	-0.085084
1456	0.080392	-0.008469
1457	0.147304	0.022906
1458	-0.038317	-0.020835
1459	-0.136413	0.011573
1460	0.009502	-0.148956
1461	-0.069219	-0.017811
1462	-0.05624	-0.038112
1463	0.050119	-0.033433
1464	-0.023416	-0.033625
1465	-0.00178	0.039164
1466	-0.055088	0.026088
1467	-0.069465	0.012924
1468	0.087958	0.046044
1469	0.003353	0.02202
1470	-0.133151	-0.101097
1471	0.049792	-0.075875
1472	-0.047738	-0.102616
1473	-0.190826	-0.031969
1474	-0.154728	-0.01257
1475	-0.047941	0.048728
1476	-0.005327	0.01816
1477	0.030455	0.000184
1478	-0.065105	0.012276
1479	-0.106181	-0.035483
1480	-0.068624	-0.063891
1481	-0.045297	-0.048658
1482	-0.010545	0.027964
1483	-0.051669	-0.016211
1484	-0.035438	-0.039166
1485	-0.069495	0.017215
1486	-0.095882	-0.057988
1487	-0.046433	-0.035817
1488	-0.038452	-0.051664
1489	-0.066674	-0.011782
1490	-0.042385	0.026566
1491	-0.041395	0.031632
1492	0.009929	-0.104151
1493	-0.06856	0.015173
1494	-0.099676	-0.084456
1495	0.015918	-0.04759
1496	-0.085485	-0.049526
1497	-0.045515	-0.04969
1498	0.112531	0.043006
1499	-0.048881	-0.030374
1500	-0.064631	0.033598
1501	-0.013239	0.009687
1502	0.017107	-0.046596
1503	0.051827	-0.002788
1505	-0.177143	-0.028043
1506	0.080748	-0.008791
1507	-0.092024	-0.067237
1508	0.033516	-0.02084
1509	0.083315	-0.023696
1510	-0.006515	0.040447
1511	0.156075	0.144994
1512	-0.060071	-0.007083
1513	-0.071443	0.034937
1515	0.162305	0.100715
1516	-0.002839	0.004487
1517	0.109281	0.053443
1518	-0.109444	0.011633
1519	-0.01777	-0.00619
1520	0.162782	0.095867
1521	0.072769	0.117508
1522	0.038514	-0.021266
1523	-0.009227	0.013777
1524	-0.047951	-0.110829
1525	0.185056	0.062101
1526	-0.078886	0.003795
1527	0.057428	0.082408
1528	0.013918	-0.102655
1529	0.000313	-0.049073
1530	0.006706	-0.059883
1531	-0.1113	-0.007323
1532	-0.055654	0.05702
1533	0.017882	0.059627
1534	-0.051718	0.074364
1535	-0.055052	-0.080365
1536	0.008753	-0.000211
1537	-0.119316	0.012008
1538	0.030823	0.004031
1539	0.037003	-0.011662
1540	0.105116	-0.033428
1541	-0.019563	0.059122
1542	0.006768	-0.030471
1543	0.132041	0.070222
1544	0.075846	-0.025658
1545	0.034441	0.070247
1546	0.057552	0.028476
1547	-0.052343	0.00453
1548	0.041355	-0.006889
1549	-0.057174	0.102746
1550	-0.11349	-0.088537
1551	-0.153527	-0.006533
1552	0.107789	-0.001664
1553	-0.103174	-0.000972
1554	-0.007604	-0.004111
1555	-0.008945	0.026824
1556	-0.096704	0.025941
1557	0.126433	0.029421
1558	0.131916	0.033135
1559	-0.00603	0.01274
1560	0.057861	0.029208
1561	0.044828	-0.024176
1562	0.112168	0.085039
1563	0.035865	-0.006457
1564	0.055696	-0.030483
1565	-0.000555	-0.080912
1567	-0.063374	-0.060955
1568	0.121074	-0.016532
1569	0.131598	0.041731
1570	0.086434	0.107313
1571	0.060606	0.006374
1572	0.000404	0.01769
1573	0.114321	0.058939
1574	0.09659	0.046521
1576	-0.14805	0.008305
1577	0.075041	-0.028572
1579	0.215701	0.042891
1580	0.023419	0.007668
1581	0.035883	-0.036778
1583	0.002772	0.021426
1584	0.024777	0.045546
1585	-0.014264	-0.017404
1586	-0.110435	-0.066352
1587	0.031528	-0.054506
1589	-0.065931	-0.051904
1590	-0.070864	-0.038409
1591	-0.018183	-0.071322
1592	0.167759	0.038685
1593	-0.120942	-0.09153
1596	-0.120416	-0.063013
1597	-0.047422	-0.029513
1598	-0.071611	-0.127033
1599	-0.037656	0.010924
1600	-0.116061	-0.038011
1601	-0.075917	0.094097
1602	-0.081121	0.02151
1603	-0.027515	-0.055151
1605	-0.099772	0.03274
1606	-0.090571	0.006648
1607	-0.027184	0.030801
1608	-0.079505	-0.001642
1609	-0.059622	0.002644
1610	-0.017929	0.032198
1611	0.071657	0.030732
1612	-0.077339	0.021034
1613	-0.060484	-0.033612
1614	-0.031193	0.089647
1615	-0.003843	0.018121
1616	-0.074202	0.005629
1617	-0.022384	0.043519
1619	0.025943	0.049999
1621	0.088946	0.095638
1623	0.010375	0.038269
1624	-0.012136	-0.001728
1625	-0.034892	-0.003526
1627	-0.018498	0.060519
1629	-0.030712	0.024559
1630	-0.179671	0.07652
1631	0.046387	-0.034588
1633	-0.109834	0.036851
1634	-0.199125	-0.001875
1635	0.015812	0.059829
1637	-0.089258	0.089603
1639	0.039699	0.091676
1640	0.067277	0.05345
1641	-0.025076	0.083455
1642	-0.034414	0.052049
1643	0.027388	0.059386
1644	0.03203	0.044528
1645	-0.028503	0.002073
1646	-0.095774	0.091351
1647	0.062193	0.030272
1648	0.058342	0.065272
1649	0.012706	0.059309
1650	-0.1148	0.130086
1651	-0.21516	0.155875
1652	0.075555	0.056644
1653	-0.033571	0.03241
1654	-0.075771	-0.03147
1655	-0.02999	-0.012639
1656	0.028677	-0.005487
1657	-0.027161	-0.001379
1658	0.007166	-0.028512
1659	-0.216196	-0.062938
1660	-0.108318	0.019993
1662	0.012549	0.02885
1663	0.072506	-0.032397
1664	0.012981	-0.113116
1665	0.0016	-0.045524
1666	-0.099281	-0.033061
1667	0.051458	0.05061
1668	0.044193	-0.004955
1669	-0.031994	0.018153
1670	0.036291	0.042343
1671	-0.083503	-0.029531
1672	0.114376	0.035561
1673	-0.045092	-0.037822
1675	-0.06143	0.01433
1676	-0.082733	0.014834
1677	0.037478	0.052799
1678	0.063569	0.001701
1679	0.114939	0.007862
1680	-0.065451	-0.023483
1681	0.019076	-0.053535
1682	-0.02783	-0.007582
1683	-0.014073	0.017832
1684	0.026143	0.009605
1685	0.019362	0.009748
1686	0.010372	0.007078
1688	-0.152534	-0.069336
1689	0.052177	-0.06168
1690	0.121258	-0.041675
1691	0.087189	0.026594
1692	0.064994	0.04754
1693	0.178703	0.099131
1694	0.131002	0.029377
1695	0.043301	0.047019
1696	0.026358	0.0201
1699	-0.008411	-0.11924
1700	0.00345	-0.025624
1701	-0.048364	-0.089929
1702	0.045459	-0.100657
1703	0.149886	0.052011
1704	-0.047967	-0.069427
1705	-0.028668	-0.093492
1706	0.14657	0.042235
1707	-0.006445	-0.077384
1708	0.022698	-0.056488
1709	0.199019	0.07325
1710	0.019051	-0.11947
1711	-0.034582	-0.039824
1712	0.125866	0.009575
1713	0.130925	0.005451
1714	0.065568	-0.050988
1715	-0.025011	0.005859
1716	-0.004785	-0.097805
1717	0.134228	0.04376
1718	-0.081063	-0.022719
1719	0.032012	-0.016478
1720	0.014576	-0.023103
1721	0.006692	0.010687
1722	-0.063483	-0.09529
1723	0.050241	-0.114502
1724	-0.057122	-0.01558
1725	-0.042179	-0.133592
1726	-0.006611	-0.003547
1727	-0.049312	-0.054327
1728	0.152338	0.036406
1729	0.062198	-0.013611
1732	0.144378	-0.0456
1733	-0.009002	-0.006251
1734	-0.047939	-0.02634
1735	0.020644	-0.053959
1737	0.049138	0.044626
1738	-0.016944	-0.016217
1741	0.08745	0.099868
1742	-0.071464	-0.015484
1743	-0.263827	-0.343109
1744	-0.035537	0.006805
1745	-0.010932	-0.024663
1746	-0.006799	0.003603
1747	0.064479	-0.029609
1748	0.009861	-0.017493
1749	0.04254	-0.063361
1751	0.119173	0.033
1752	0.01471	-0.027128
1753	-0.068418	-0.040706
1754	0.019409	-0.047236
1755	0.044221	-0.01054
1756	-0.009012	0.026346
1757	0.002739	-0.01506
1758	-0.03941	0.011608
1759	-0.018518	-0.036309
1760	0.004683	-0.010807
1761	-0.1454	-0.0706
1762	0.093725	0.023579
1763	-0.006789	-0.027021
1764	0.016139	-0.01661
1766	0.016018	0.019993
1767	0.022195	0.04928
1768	0.065832	-0.027645
1769	0.011271	-0.018442
1770	-0.005616	-0.045514
1771	0.051785	-0.000742
1772	0.057573	-0.014087
1773	-0.117002	-0.080371
1774	0.022607	-0.026595
1775	0.041349	-0.059509
1776	0.013934	-0.029024
1777	-0.008425	-0.028073
1778	0.049492	-0.031454
1781	-0.051665	-0.016481
1782	0.095815	0.003895
1783	-0.043131	-0.018412
1785	0.023338	-0.04462
1786	0.050378	0.015383
1787	0.08083	-0.034
1788	0.064889	-0.01315
1789	-0.008011	-0.044126
1791	-0.120899	-0.089503
1793	-0.029995	0.03827
1794	-0.043373	-0.021311
1795	-0.025432	-0.058959
1796	-0.012031	-0.049036
1797	0.025557	0.014372
1799	0.09234	-0.00029
1800	0.121837	0.025021
1801	0.053092	-0.058897
1802	-0.025065	0.001686
1803	0.082482	0.077075
1804	0.065267	0.005373
1805	0.02568	0.048381
1806	0.014899	0.008997
1807	-0.048352	0.062556
1808	0.05298	-0.038063
1809	0.072109	0.003841
1810	0.021693	-0.049608
1811	0.154539	0.064847
1812	0.064893	0.01864
1813	0.01536	0.04654
1814	-0.059188	0.034965
1815	0.129775	0.068941
1816	-0.036715	0.115926
1817	-0.079273	-0.010239
1818	0.071759	0.013829
1819	0.076691	0.039536
1821	0.035525	0.008315
1823	-0.026254	0.0057
1824	0.078548	0.058443
1826	-0.073853	-0.054438
1827	0.095875	0.064776
1828	-0.135361	-0.064261
1830	0.135896	0.050305
1831	0.064126	0.005435
1832	-0.047525	-0.076407
1833	0.022311	-0.05698
1834	0.101019	0.023338
1835	-0.09249	-0.037526
1836	0.048744	-0.066485
1837	0.17944	0.026607
1838	-0.039826	-0.070649
1839	-0.018102	-0.054396
1840	0.072493	0.023332
1841	0.042537	-0.018576
1842	0.055622	-0.03487
1843	0.004183	0.012521
1844	-0.009306	-0.183885
1845	0.035885	-0.0229
1846	0.167753	0.009747
1847	0.067927	0.051148
1848	-0.043432	0.04242
1849	0.061405	-0.021857
1850	-0.001362	-0.059402
1851	-0.094313	-0.046796
1852	-0.008865	-0.063435
1853	-0.087423	-0.055926
1854	0.078963	0.050533
1855	-0.008839	-0.014047
1856	0.132804	0.007304
1857	-0.015738	-0.035331
1858	0.061813	0.13043
1859	0.067008	-0.028513
1860	-0.029687	-0.045184
1861	-0.042465	0.01258
1862	-0.063389	-0.013361
1863	0.177282	0.065168
1864	0.057617	0.040388
1865	0.183687	0.050651
1866	0.020232	-0.014093
1867	-0.019768	0.052343
1868	-0.034568	-0.009351
1870	-0.018165	-0.024211
1871	0.030802	-0.06836
1874	-0.030006	-0.072321
1875	0.132293	0.029374
1878	0.17543	0.008558
1879	0.024561	-0.074881
1880	-0.002999	-0.031935
1881	-0.020161	-0.062456
1882	-0.029745	0.067752
1884	-0.050036	-0.148813
1885	-0.005441	-0.016941
1886	0.031004	0.021502
1888	-0.000269	-0.081096
1889	0.012321	-0.063354
1890	0.035524	0.0622905
1892	-0.067161	-0.133475
1893	-0.081466	-0.041687
1894	0.144413	-0.020565
1895	0.16172	-0.052969
1896	0.254801	0.00121
1897	-0.04962	-0.060966
1898	-0.033582	-0.076395
1899	-0.021337	-0.009182
1900	0.094768	0.030353
1901	0.060981	-0.023222
1902	0.010211	-0.037348
1904	0.005959	-0.069874
1906	0.012156	-0.045608
1907	0.108536	-0.019042
1908	-0.008514	-0.137789
1909	0.209817	-0.015485
1910	0.06537	-0.050826
1911	0.213831	0.004972
1914	-0.154737	-0.001622
1915	0.159743	0.108048
1916	-0.053049	-0.022521
1917	-0.08451	0.040487
1918	0.132818	0.054474
1919	0.129783	0.066167
1920	0.065578	0.023541
1921	0.128847	0.053067
1922	0.314141	0.045582
1923	-0.074444	0.015086
1924	0.20214	0.040926
1926	-0.254102	-0.036254
1927	0.025184	0.069858
1929	0.122918	0.038468
1930	0.145519	0.040467
1931	-0.027581	0.03425
1932	0.020259	-0.004522
1933	0.031994	0.032697
1934	0.087596	0.16058
1935	0.141179	0.050563
1936	-0.061241	0.021086
1937	0.070615	0.020781
1938	-0.032084	-0.006883
1939	-0.019337	-0.078845
1942	0.197675	0.035297
1944	0.133901	0.064326
1945	0.095774	0.036391
1948	0.139003	-0.024643
1949	0.009052	-0.041732
1950	0.015468	-0.051133
1951	-0.008411	-0.11924
1953	-0.052915	-0.076578
1954	0.080483	-0.046951
1955	0.122553	-0.072846
1956	0.153384	0.049243
1957	0.019914	-0.039058
1958	0.10918	-0.021012
1959	0	-0.03582
1960	0.015111	-0.042696
1961	-0.034847	-0.09475
1962	0.141529	-0.047316
1963	0.187925	0.059594
1965	0.160901	0.045112
1966	0.092734	0.002165
1968	0.065966	-0.0134
1969	0.019945	0.026915
1970	0.040168	-0.088653
1971	-0.08577	0.004955
1972	0.095898	0.012207
1974	0.068655	-0.05052
1975	-0.074409	-0.015043
1976	0.014261	-0.007616
1977	-0.07092	-0.057509
1978	-0.245624	-0.086632
1979	-0.078848	-0.067935
1982	-0.094686	-0.09407
1984	-0.034387	-0.029973
1985	0.009475	-0.075615
1987	-0.002294	-0.081038
1988	-0.136343	-0.083783
1989	-0.115198	-0.119586
1990	-0.155626	-0.1286
1991	-0.114771	-0.096405
1992	-0.05254	-0.046737
1993	-0.075257	-0.044175
1994	-0.139306	-0.045388
1995	-0.071741	-0.096602
1996	-0.038532	-0.092077
1997	-0.097127	-0.092953
1998	-0.012719	-0.0402
1999	-0.068773	-0.074374
2001	-0.01176	-0.112902
2002	0.012313	-0.078314
2003	0.14119	-0.004598
2005	0.136048	0.032146
2007	-0.008943	-0.007069
2008	-0.064594	-0.066838
2009	-0.08562	-0.09205
2010	-0.081418	-0.023675
2011	0.003052	-0.003047
2012	-0.007616	-0.076843
2013	-0.094171	-0.100085
2014	-0.143268	-0.010446
2015	-0.081061	-0.042647
2016	0.059236	-0.016355
2017	-0.064177	0.000977
2018	-0.212744	0.016342
2019	-0.036927	0.008182
2020	-0.157611	-0.083366
2021	0.014723	-0.103177
2022	-0.040961	-0.025619
2023	-0.095068	-0.13335
2024	-0.078894	-0.110852
2025	0.142599	0.002506
2026	0.023764	-0.066373
2027	0.033512	-0.012666
2028	-0.020128	-0.003535
2029	-0.05665	0.014429
2031	0.050208	0.054766
2032	-0.060698	0.076523
2033	-0.006392	-0.047343
2034	0.027669	-0.011185
2035	0.047888	0.025688
2037	0.096387	0.050999
2038	0.031145	0.106481
2039	-0.003171	-0.019935
2040	-0.024197	-0.029996
2042	-0.090313	-0.031519
2043	0.039828	0.084241
2044	0.011874	0.012392
2045	0.022996	0.05065
2046	-0.03172	0.003049
2048	-0.002502	0.071414
2050	-0.032838	-0.015295
2051	0.108364	-0.061365
2052	-0.013223	0.005372
2053	0.012694	0.05794
2054	-0.06634	-0.06862
2055	-0.066279	-0.046621
2056	0.087245	0.051997
2057	-0.069617	-0.005196
2058	-0.022688	-0.055999
2059	0.010311	0.030273
2060	-0.009366	0.028915
2061	-0.055436	-0.094484
2062	-0.070467	0.041945
2063	-0.032368	-0.009785
2064	0.061589	0.051708
2065	0.14212	0.033608
2066	-0.123902	-0.097013
2067	0.000336	0.042416
2069	0.012158	0.073472
2070	-0.000798	-0.063163
2071	0.049081	-0.000686
2072	0.087871	0.048277
2074	-0.103476	0.108257
2075	0.029475	0.090457
2076	-0.045492	0.005862
2077	-0.053386	-0.046143
2078	-0.013344	-0.051413
2079	0.050682	0.072544
2080	0.082581	0.035469
2081	0.024853	0.02524
2082	0.058255	0.073914
2083	-0.061835	0.032313
2084	-0.120917	-0.156076
2085	0.06701	0.110703
2086	-0.100545	-0.095271
2087	0.051458	0.005011
2088	0.044583	0.063303
2090	0.011131	0.05328
2091	-0.002027	-0.023708
2093	0.102611	0.090338
2094	0.07515	0.095421
2095	-0.026858	0.084158
2096	-0.014996	0.040086
2097	0.029686	0.072014
2098	0.024793	0.009962
2100	0.021768	0.057559
2102	0.041749	0.094343
2103	0.067733	0.107714
2105	-0.126076	0.015866
2106	0.054122	0.07149
2107	0.000614	-0.006872
2109	-0.082655	-0.040694
2110	0.091027	0.042822
2111	-0.026397	-0.040941
2112	0.011889	0.048641
2113	0.025913	0.134888
2114	0.025768	0.0115
2115	-0.085686	-0.00647
2116	-0.033388	-0.002797
2118	-0.013264	0.058149
2119	-0.026092	-0.038553
2120	0.025563	0.069613
2121	-0.101702	-0.103827
2122	-0.012858	-0.066082
2123	0.03282	0.040531
2124	0.010985	0.03131
2125	0.078889	0.102039
2126	0.00121	0.098087
2127	0.037465	0.069188
2128	-0.158728	-0.113935
2129	0.046727	0.079563
2130	-0.232911	-0.089011
2131	-0.120035	-0.032167
2132	-0.19768	-0.077892
2133	-0.027971	-0.018397
2134	-0.096756	-0.03593
2135	-0.075769	0.010616
2137	-0.032367	-0.028576
2138	-0.028694	0.027479
2139	0.035108	0.06793
2140	0.018578	-0.001141
2141	0.015121	-0.00985
2142	0.013418	0.04975
2143	-0.118756	0.103399
2144	0.125139	0.111595
2145	-0.093775	0.115193
2146	0.026016	0.076601
2147	0.113336	0.132609
2148	-0.189891	0.054823
2149	-0.050007	0.053917
2150	-0.000911	0.008753
2151	0.06753	0.01199
2152	-0.006871	-0.022288
2153	-0.055702	0.018639
2154	-0.015694	0.071442
2155	0.096248	0.082413
2157	0.033513	-0.039134
2158	-0.066704	-0.013259
2159	0.013521	0.034797
2160	0.070236	0.026936
2161	0.092833	0.065292
2163	0.007853	-0.01069
2164	0.031004	0.021502
2166	-0.077929	-0.11545
2167	0.076895	0.02642
2168	0.060533	0.004738
2169	-0.108055	0.027381
2171	-0.206406	-0.098603
2172	-0.05323	-0.056436
2173	0.054146	-0.07597
2174	0.081544	0.009657
2175	0.024544	-0.069335
2176	-0.004228	-0.112564
2177	0.183341	0.030332
2178	-0.119324	-0.03294
2179	-0.144829	-0.088508
2180	-0.044922	-0.100128
2181	-0.027816	0.015376
2182	-0.074323	0.012549
2183	-0.059592	-0.047086
2184	-0.041409	0.013528
2186	0.008777	0.00881
2187	0.072402	0.026258
2188	-0.016917	-0.021284
2189	-6e-04	-0.045674
2190	0.057612	-0.034538
2191	-0.070847	0.038911
2192	0.060738	-0.049099
2193	0.067392	-0.045343
2194	0.005921	-0.104194
2195	-0.209171	-0.022753
2196	0.064829	0.039552
2197	0.017457	0.04514
2198	0.086788	0.074313
2199	0.001933	0.00429
2201	-0.007673	0.081135
2202	0.051144	-0.020535
2203	0.013496	0.072792
2206	-0.039619	0.00594
2207	0.103964	-0.017223
2208	0.020496	0.013403
2209	-0.003299	0.024731
2210	0.048235	0.056164
2212	0.022498	-0.030726
2213	0.005061	-0.014667
2214	0.032315	0.030473
2215	0.054924	-0.021908
2216	0.031156	0.00455
2217	0.939001	0.108921
2218	0.652479	0.029914
2219	0.80549	0.093715
2220	0.750516	-0.038734
2221	0.845664	-0.007364
2222	0.771664	-0.033386
2223	0.758375	0.019971
2224	0.84255	-0.007401
2225	0.678702	-0.013609
2226	0.757671	-0.036781
2227	0.751625	-0.038049
2229	0.775295	0.043313
2230	0.607308	-0.00267
2231	0.716057	0.012332
2232	0.650442	-0.020549
2233	0.547991	-0.1201
2234	0.549908	0.019114
2237	0.554847	-0.084928
2238	0.782308	-0.121483
2240	0.889004	-0.015017
2241	0.787853	0.056845
2242	0.734442	-0.000843
2243	0.71495	0.031147
2244	0.50777	-0.097832
2245	0.713763	-0.009746
2246	0.635022	-0.124674
2247	0.818086	-0.051516
2248	0.865832	0.022897
2249	0.717644	-0.043363
2250	0.638562	0.039924
2251	0.654278	-0.017649
2253	0.740438	-0.018292
2254	0.754736	0.000994
2255	0.845956	-0.00692
2256	0.828745	0.012098
2257	0.724559	0.007327
2258	0.624005	0.037592
2260	0.715599	0.037574
2261	0.931924	0.075229
2262	0.718492	-0.032884
2263	0.950722	0.095337
2264	0.888469	0.005625
2265	0.835015	0.036296
2266	0.740752	-0.009122
2267	0.688496	0.00734
2268	0.717561	0.000676
2269	0.86321	0.079912
2270	0.942331	0.042232
2271	0.880393	0.004076
2273	0.831578	0.036831
2275	0.740481	-0.099521
2276	0.092504	0.043744
2338	0.007941	-0.006974
2342	-0.108287	-0.090928
2359	0.827172	0.093432
